{"cameraMode":{"drawMode":0,"name":"Shaded","section":"Shading Mode"},"sceneLighting":false,"audioPlay":false,"sceneViewState":{"showFog":true,"showMaterialUpdate":false,"showSkybox":false,"showFlares":true,"showImageEffects":true,"showParticleSystems":true},"in2DMode":false,"pivot":{"x":4.045279502868652,"y":5.22025203704834,"z":34.74517059326172},"rotation":{"x":0.1756160855293274,"y":0.21370829641819,"z":-0.039087243378162387,"w":0.960187554359436},"size":10.6220703125,"orthographic":false}