{"cameraMode":{"drawMode":0,"name":"Shaded","section":"Shading Mode"},"sceneLighting":false,"audioPlay":false,"sceneViewState":{"showFog":true,"showMaterialUpdate":false,"showSkybox":true,"showFlares":true,"showImageEffects":true,"showParticleSystems":true},"in2DMode":false,"pivot":{"x":-0.40012359619140627,"y":2.0000391006469728,"z":23.0},"rotation":{"x":0.234497532248497,"y":0.21732962131500245,"z":-0.053884465247392657,"w":0.9459825158119202},"size":5.587185382843018,"orthographic":false}