{"cameraMode":{"drawMode":0,"name":"Shaded","section":"Shading Mode"},"sceneLighting":false,"audioPlay":false,"sceneViewState":{"showFog":true,"showMaterialUpdate":false,"showSkybox":false,"showFlares":true,"showImageEffects":true,"showParticleSystems":true},"in2DMode":false,"pivot":{"x":0.016637444496154786,"y":0.5232706069946289,"z":0.08062008023262024},"rotation":{"x":0.42960235476493838,"y":-0.029794521629810334,"z":0.014185321517288685,"w":0.9024195075035095},"size":0.7493734955787659,"orthographic":false}