{"cameraMode":{"drawMode":0,"name":"Shaded","section":"Shading Mode"},"sceneLighting":false,"audioPlay":false,"sceneViewState":{"showFog":true,"showMaterialUpdate":false,"showSkybox":false,"showFlares":true,"showImageEffects":true,"showParticleSystems":true},"in2DMode":false,"pivot":{"x":-0.4228588342666626,"y":4.47951078414917,"z":28.061080932617189},"rotation":{"x":0.007120933383703232,"y":-0.9741008877754211,"z":0.2238687127828598,"w":0.030982932075858117},"size":5.744184970855713,"orthographic":false}