{"cameraMode":{"drawMode":0,"name":"Shaded","section":"Shading Mode"},"sceneLighting":false,"audioPlay":false,"sceneViewState":{"showFog":true,"showMaterialUpdate":false,"showSkybox":true,"showFlares":true,"showImageEffects":true,"showParticleSystems":true},"in2DMode":false,"pivot":{"x":5.532709121704102,"y":-8.289186477661133,"z":8.826444625854493},"rotation":{"x":-0.27563148736953738,"y":-0.1794743835926056,"z":0.052464380860328677,"w":-0.9429031014442444},"size":25.49187469482422,"orthographic":false}