{"cameraMode":{"drawMode":0,"name":"Shaded","section":"Shading Mode"},"sceneLighting":false,"audioPlay":false,"sceneViewState":{"showFog":true,"showMaterialUpdate":false,"showSkybox":true,"showFlares":true,"showImageEffects":true,"showParticleSystems":true},"in2DMode":false,"pivot":{"x":-0.3339214324951172,"y":4.294816970825195,"z":26.033584594726564},"rotation":{"x":0.42073801159858706,"y":-0.08876170217990875,"z":0.041407570242881778,"w":0.9018812775611877},"size":4.682517051696777,"orthographic":false}