{"cameraMode":{"drawMode":0,"name":"Shaded","section":"Shading Mode"},"sceneLighting":false,"audioPlay":false,"sceneViewState":{"showFog":true,"showMaterialUpdate":false,"showSkybox":true,"showFlares":true,"showImageEffects":true,"showParticleSystems":true},"in2DMode":false,"pivot":{"x":-7.936981201171875,"y":-1.6965713500976563,"z":-20.827587127685548},"rotation":{"x":0.24233704805374146,"y":-0.26851794123649599,"z":0.06998110562562943,"w":0.9296686053276062},"size":29.592384338378908,"orthographic":false}