{"cameraMode":{"drawMode":0,"name":"Shaded","section":"Shading Mode"},"sceneLighting":false,"audioPlay":false,"sceneViewState":{"showFog":true,"showMaterialUpdate":false,"showSkybox":false,"showFlares":true,"showImageEffects":true,"showParticleSystems":true},"in2DMode":false,"pivot":{"x":5.251470565795898,"y":1.353259563446045,"z":-37.620506286621097},"rotation":{"x":0.234497532248497,"y":0.21732962131500245,"z":-0.053884465247392657,"w":0.9459825158119202},"size":1.0612884759902955,"orthographic":false}