{"cameraMode":{"drawMode":0,"name":"Shaded","section":"Shading Mode"},"sceneLighting":false,"audioPlay":false,"sceneViewState":{"showFog":true,"showMaterialUpdate":false,"showSkybox":true,"showFlares":true,"showImageEffects":true,"showParticleSystems":true},"in2DMode":false,"pivot":{"x":0.12371182441711426,"y":3.2039103507995607,"z":-36.72382354736328},"rotation":{"x":-0.0749044343829155,"y":-0.7548499703407288,"z":-0.08759155124425888,"w":0.645699679851532},"size":5.261289119720459,"orthographic":false}