{"cameraMode":{"drawMode":0,"name":"Shaded","section":"Shading Mode"},"sceneLighting":false,"audioPlay":false,"sceneViewState":{"showFog":true,"showMaterialUpdate":false,"showSkybox":true,"showFlares":true,"showImageEffects":true,"showParticleSystems":true},"in2DMode":false,"pivot":{"x":15.997625350952149,"y":15.488941192626954,"z":-7.343382835388184},"rotation":{"x":0.3942112922668457,"y":-0.4713194966316223,"z":0.24805760383605958,"w":0.7489601373672485},"size":10.50826644897461,"orthographic":false}